{
  "best_config": {
    "name": "wider_64_32",
    "hidden1": 64,
    "hidden2": 32,
    "dropout": 0.25,
    "lr": 0.0008,
    "epochs": 220,
    "batch_size": 64,
    "pos_weight_scale": 1.15
  },
  "nn_metrics": {
    "roc_auc": 0.8109259259259259,
    "precision": 0.5263157894736842,
    "recall": 0.9259259259259259,
    "f1": 0.6711409395973155,
    "confusion_matrix": [
      [
        55,
        45
      ],
      [
        4,
        50
      ]
    ],
    "decision_threshold": 0.35999999999999993
  },
  "baseline_metrics": {
    "roc_auc": 0.8248148148148148,
    "precision": 0.5252525252525253,
    "recall": 0.9629629629629629,
    "f1": 0.6797385620915033,
    "confusion_matrix": [
      [
        53,
        47
      ],
      [
        2,
        52
      ]
    ],
    "decision_threshold": 0.26
  },
  "experiment_results": [
    {
      "config": "base_32_16",
      "metrics": {
        "roc_auc": 0.8044444444444444,
        "precision": 0.49514563106796117,
        "recall": 0.9444444444444444,
        "f1": 0.6496815286624203,
        "confusion_matrix": [
          [
            48,
            52
          ],
          [
            3,
            51
          ]
        ],
        "decision_threshold": 0.22
      }
    },
    {
      "config": "wider_64_32",
      "metrics": {
        "roc_auc": 0.8109259259259259,
        "precision": 0.5263157894736842,
        "recall": 0.9259259259259259,
        "f1": 0.6711409395973155,
        "confusion_matrix": [
          [
            55,
            45
          ],
          [
            4,
            50
          ]
        ],
        "decision_threshold": 0.35999999999999993
      }
    },
    {
      "config": "recall_focus_64_16",
      "metrics": {
        "roc_auc": 0.7996296296296297,
        "precision": 0.5154639175257731,
        "recall": 0.9259259259259259,
        "f1": 0.6622516556291391,
        "confusion_matrix": [
          [
            53,
            47
          ],
          [
            4,
            50
          ]
        ],
        "decision_threshold": 0.33999999999999997
      }
    },
    {
      "config": "stable_96_32",
      "metrics": {
        "roc_auc": 0.7905555555555556,
        "precision": 0.5102040816326531,
        "recall": 0.9259259259259259,
        "f1": 0.6578947368421053,
        "confusion_matrix": [
          [
            52,
            48
          ],
          [
            4,
            50
          ]
        ],
        "decision_threshold": 0.24
      }
    }
  ],
  "feature_importance": [
    {
      "feature": "Glucose",
      "importance_mean": 0.10909722222222226,
      "importance_std": 0.026424510963571714
    },
    {
      "feature": "Age",
      "importance_mean": 0.03324074074074075,
      "importance_std": 0.01619285351014748
    },
    {
      "feature": "Pregnancies",
      "importance_mean": 0.028865740740740747,
      "importance_std": 0.020346669187276324
    },
    {
      "feature": "BMI",
      "importance_mean": 0.019560185185185222,
      "importance_std": 0.01864906244310578
    },
    {
      "feature": "DiabetesPedigreeFunction",
      "importance_mean": 0.017060185185185178,
      "importance_std": 0.007439996310215621
    },
    {
      "feature": "Insulin",
      "importance_mean": 0.012291666666666673,
      "importance_std": 0.012254774796604844
    },
    {
      "feature": "BloodPressure",
      "importance_mean": 0.009884259259259273,
      "importance_std": 0.008640897061261607
    },
    {
      "feature": "SkinThickness",
      "importance_mean": -0.009884259259259245,
      "importance_std": 0.005801602041530022
    }
  ],
  "baseline_comparison": "Logistic regression performs better than neural network",
  "conclusion": "Model is acceptable"
}